{
  "lang":"en",
  "name":"pipeline",
  "version":"0.0.0",
  "spacy_version":">=3.4.1,<3.5.0",
  "description":"",
  "author":"",
  "email":"",
  "url":"",
  "license":"",
  "spacy_git_version":"5c2a00cef",
  "vectors":{
    "width":0,
    "vectors":0,
    "keys":0,
    "name":null,
    "mode":"default"
  },
  "labels":{
    "tok2vec":[

    ],
    "ner":[
      "D-DIRECCION",
      "E-COLSUBSIDIO",
      "I-AFILIADO",
      "I-BENEFICIARIO",
      "I-CELULAR",
      "I-CONVENIO",
      "I-DIRECC",
      "I-DOCUMENTO",
      "I-EDAD",
      "I-ESTADO-CIVIL",
      "I-FECHA",
      "I-FOLIO",
      "I-HISTORIA",
      "I-NIT",
      "I-NO.",
      "I-PACIENTE",
      "I-SEXO",
      "I-TELEFONO"
    ]
  },
  "pipeline":[
    "tok2vec",
    "ner"
  ],
  "components":[
    "tok2vec",
    "ner"
  ],
  "disabled":[

  ],
  "performance":{
    "ents_f":0.8922348978,
    "ents_p":0.9289441824,
    "ents_r":0.8583166178,
    "ents_per_type":{
      "I-PACIENTE":{
        "p":0.9384186518,
        "r":0.9599481529,
        "f":0.9490613186
      },
      "I-DOCUMENTO":{
        "p":0.9657107232,
        "r":0.8787821483,
        "f":0.9201980198
      },
      "I-AFILIADO":{
        "p":0.9647435897,
        "r":0.9535374868,
        "f":0.9591078067
      },
      "I-NIT":{
        "p":0.6346604215,
        "r":0.4746059545,
        "f":0.5430861723
      },
      "I-FECHA":{
        "p":0.6723646724,
        "r":0.2195348837,
        "f":0.3309957924
      },
      "I-NO.":{
        "p":0.6393442623,
        "r":0.552407932,
        "f":0.5927051672
      },
      "I-HISTORIA":{
        "p":0.9482758621,
        "r":0.8560311284,
        "f":0.899795501
      },
      "I-BENEFICIARIO":{
        "p":0.4761904762,
        "r":0.6493506494,
        "f":0.5494505495
      },
      "I-CONVENIO":{
        "p":0.1428571429,
        "r":0.04,
        "f":0.0625
      },
      "E-COLSUBSIDIO":{
        "p":0.724137931,
        "r":0.525,
        "f":0.6086956522
      },
      "I-EDAD":{
        "p":0.9065934066,
        "r":0.5871886121,
        "f":0.7127429806
      },
      "D-DIRECCION":{
        "p":0.0,
        "r":0.0,
        "f":0.0
      },
      "I-DIRECC":{
        "p":0.9834254144,
        "r":0.5144508671,
        "f":0.6755218216
      },
      "I-TELEFONO":{
        "p":0.8039215686,
        "r":0.1181556196,
        "f":0.2060301508
      },
      "I-CELULAR":{
        "p":0.7222222222,
        "r":0.2096774194,
        "f":0.325
      },
      "I-FOLIO":{
        "p":0.8043478261,
        "r":0.5441176471,
        "f":0.649122807
      },
      "I-ESTADO-CIVIL":{
        "p":1.0,
        "r":0.6,
        "f":0.75
      },
      "I-SEXO":{
        "p":0.9375,
        "r":0.4285714286,
        "f":0.5882352941
      },
      "I-PAGINA-WEB":{
        "p":0.0,
        "r":0.0,
        "f":0.0
      },
      "I-EMAIL":{
        "p":0.0,
        "r":0.0,
        "f":0.0
      },
      "L-MK":{
        "p":0.0,
        "r":0.0,
        "f":0.0
      },
      "I-CITA":{
        "p":0.0,
        "r":0.0,
        "f":0.0
      },
      "I-CLIN":{
        "p":0.0,
        "r":0.0,
        "f":0.0
      },
      "I-CONTRATO":{
        "p":0.0,
        "r":0.0,
        "f":0.0
      },
      "I-INFO":{
        "p":0.0,
        "r":0.0,
        "f":0.0
      },
      "I-PAG-WEB":{
        "p":0.0,
        "r":0.0,
        "f":0.0
      },
      "I-FECH-NAC":{
        "p":0.0,
        "r":0.0,
        "f":0.0
      },
      "I-NACIMIENTO":{
        "p":0.0,
        "r":0.0,
        "f":0.0
      },
      "E-CIVIL":{
        "p":0.0,
        "r":0.0,
        "f":0.0
      }
    },
    "tok2vec_loss":157.3789227439,
    "ner_loss":76.0570764354
  }
}