{
  "lang":"en",
  "name":"pipeline",
  "version":"0.0.0",
  "spacy_version":">=3.4.1,<3.5.0",
  "description":"",
  "author":"",
  "email":"",
  "url":"",
  "license":"",
  "spacy_git_version":"5c2a00cef",
  "vectors":{
    "width":0,
    "vectors":0,
    "keys":0,
    "name":null,
    "mode":"default"
  },
  "labels":{
    "tok2vec":[

    ],
    "ner":[
      "D-DIRECCION",
      "E-COLSUBSIDIO",
      "I-AFILIADO",
      "I-BENEFICIARIO",
      "I-CELULAR",
      "I-CONVENIO",
      "I-DIRECC",
      "I-DOCUMENTO",
      "I-EDAD",
      "I-ESTADO-CIVIL",
      "I-FECHA",
      "I-FOLIO",
      "I-HISTORIA",
      "I-NIT",
      "I-NO.",
      "I-PACIENTE",
      "I-SEXO",
      "I-TELEFONO"
    ]
  },
  "pipeline":[
    "tok2vec",
    "ner"
  ],
  "components":[
    "tok2vec",
    "ner"
  ],
  "disabled":[

  ],
  "performance":{
    "ents_f":0.8901659508,
    "ents_p":0.9325700283,
    "ents_r":0.8514503935,
    "ents_per_type":{
      "I-PACIENTE":{
        "p":0.9256408665,
        "r":0.9664938432,
        "f":0.9456263276
      },
      "I-DOCUMENTO":{
        "p":0.9721518987,
        "r":0.8714069592,
        "f":0.9190267252
      },
      "I-AFILIADO":{
        "p":0.9702760085,
        "r":0.9651531151,
        "f":0.9677077819
      },
      "I-NIT":{
        "p":0.7175324675,
        "r":0.3870402802,
        "f":0.5028441411
      },
      "I-FECHA":{
        "p":0.9236111111,
        "r":0.1237209302,
        "f":0.2182116489
      },
      "I-NO.":{
        "p":0.7824074074,
        "r":0.4787535411,
        "f":0.5940246046
      },
      "I-HISTORIA":{
        "p":0.9515885023,
        "r":0.8158236057,
        "f":0.8784916201
      },
      "I-BENEFICIARIO":{
        "p":0.6923076923,
        "r":0.5844155844,
        "f":0.6338028169
      },
      "I-CONVENIO":{
        "p":0.25,
        "r":0.08,
        "f":0.1212121212
      },
      "E-COLSUBSIDIO":{
        "p":1.0,
        "r":0.3,
        "f":0.4615384615
      },
      "I-EDAD":{
        "p":0.9411764706,
        "r":0.512455516,
        "f":0.66359447
      },
      "D-DIRECCION":{
        "p":0.0,
        "r":0.0,
        "f":0.0
      },
      "I-DIRECC":{
        "p":0.9107981221,
        "r":0.5606936416,
        "f":0.6940966011
      },
      "I-TELEFONO":{
        "p":0.9090909091,
        "r":0.1152737752,
        "f":0.2046035806
      },
      "I-CELULAR":{
        "p":1.0,
        "r":0.064516129,
        "f":0.1212121212
      },
      "I-FOLIO":{
        "p":0.9117647059,
        "r":0.4558823529,
        "f":0.6078431373
      },
      "I-ESTADO-CIVIL":{
        "p":1.0,
        "r":0.3,
        "f":0.4615384615
      },
      "I-SEXO":{
        "p":1.0,
        "r":0.3142857143,
        "f":0.4782608696
      },
      "I-PAGINA-WEB":{
        "p":0.0,
        "r":0.0,
        "f":0.0
      },
      "I-EMAIL":{
        "p":0.0,
        "r":0.0,
        "f":0.0
      },
      "L-MK":{
        "p":0.0,
        "r":0.0,
        "f":0.0
      },
      "I-CITA":{
        "p":0.0,
        "r":0.0,
        "f":0.0
      },
      "I-CLIN":{
        "p":0.0,
        "r":0.0,
        "f":0.0
      },
      "I-CONTRATO":{
        "p":0.0,
        "r":0.0,
        "f":0.0
      },
      "I-INFO":{
        "p":0.0,
        "r":0.0,
        "f":0.0
      },
      "I-PAG-WEB":{
        "p":0.0,
        "r":0.0,
        "f":0.0
      },
      "I-FECH-NAC":{
        "p":0.0,
        "r":0.0,
        "f":0.0
      },
      "I-NACIMIENTO":{
        "p":0.0,
        "r":0.0,
        "f":0.0
      },
      "E-CIVIL":{
        "p":0.0,
        "r":0.0,
        "f":0.0
      }
    },
    "tok2vec_loss":176.0425572872,
    "ner_loss":82.0175380106
  }
}